baseMean,log2FoldChange,lfcSE,stat,pvalue,padj,GENEID,SYMBOL
28223.518997568914,-2.129276734519369,0.15231736653951272,-13.9788182651873,2.0994509400734359e-44,1.0786788964177619e-42,ENSG00000003989,SLC7A2
20378.937654487792,-2.9558677284030352,0.2646270295279421,-11.16647987779343,5.949209736817347e-29,1.6219476280823055e-27,ENSG00000004848,ARX
910.4910729344844,-2.0790215954771543,0.42785925353137455,-4.850813298131312,1.229562462313295e-6,6.457408728085802e-6,ENSG00000006047,YBX2
2517.5430646878895,-2.579595879503384,0.5739058770037178,-4.483422308128593,7.345535411570104e-6,3.463886930765318e-5,ENSG00000006116,CACNG3
10268.383647506473,-2.608101051292254,0.2860581720786927,-9.113889002740901,7.948061446256224e-20,1.3300886975152565e-18,ENSG00000006283,CACNA1G
85.37290111085255,-3.419240579918728,0.6311165455405088,-6.434599159666007,1.237995969206621e-10,1.0403715042064521e-9,ENSG00000007312,CD79B
381.3817765930834,-2.4692226528279537,0.4747914273242741,-5.184521741027643,2.1656988255426536e-7,1.2561663459038703e-6,ENSG00000007314,SCN4A
12413.668278218205,-3.1111326372504418,0.3014768766383482,-10.313989121251753,6.091899491069859e-25,1.362979740753361e-23,ENSG00000008118,CAMK1G
37866.831829477305,-2.328651824943832,0.2381517983950184,-9.776483981713554,1.4205999505018723e-22,2.789865162184178e-21,ENSG00000009694,TENM1
38547.62426008571,-2.6280024219235845,0.20708343203985902,-12.689243549294272,6.783780618449258e-37,2.6161244834661343e-35,ENSG00000009709,PAX7
5992.312809099335,-2.5719091863144934,0.2775671879760394,-9.26263715247137,1.9944419298742423e-20,3.4607455489187725e-19,ENSG00000009950,MLXIPL
7681.350402224234,-2.822519228811125,0.2157658853771681,-13.079204134120396,4.3294942707708005e-39,1.8280456963277635e-37,ENSG00000014257,ACPP
719.0767503397776,-2.9498441845851375,0.3877834923606719,-7.593218055937741,3.120567493626823e-14,3.5232351674702023e-13,ENSG00000015413,DPEP1
12460.608822891672,-3.3297197632802362,0.2651964088809384,-12.550960114657649,3.927191434057478e-36,1.479841220700789e-34,ENSG00000017427,IGF1
32474.87201322952,-3.7822380901855213,0.16911743271510182,-22.362508110211735,9.123868529984928e-111,2.707076451950663e-108,ENSG00000036448,MYOM2
2747.2083975024607,-2.404631037574722,0.361181377352286,-6.651480854971288,2.90158601904882e-11,2.593238370457363e-10,ENSG00000037280,FLT4
2276.69978912064,-4.304624965000733,0.376028794400034,-11.421424702387243,3.268317009762831e-30,9.47524228869094e-29,ENSG00000039537,C6
13592.307999030456,-2.6737349422060137,0.19719300414632274,-13.557587827084882,7.144722416745964e-42,3.3141449024381913e-40,ENSG00000049247,UTS2
28298.05542753394,-2.591112011364451,0.364850109528909,-7.095144795668565,1.292161249649363e-12,1.293496613858727e-11,ENSG00000056998,GYG2
3692.6850789847604,-2.9967593593187467,0.22406857645667008,-13.370822410836837,8.95452712654341e-41,4.0398410463778176e-39,ENSG00000057294,PKP2
1066.6405811545123,-2.5579419647013,0.31112680312970986,-8.21559031208593,2.1112308860973817e-16,2.8356964927704394e-15,ENSG00000060709,RIMBP2
11987.35653007165,-2.4506444067068176,0.43679500955475375,-5.6000708137333515,2.1426425963792812e-8,1.4042943536150298e-7,ENSG00000063180,CA11
80146.08614390955,-4.396942839380432,0.17650052906623498,-24.90916213854645,5.920057869348771e-137,2.8036322902247474e-134,ENSG00000064300,NGFR
14767.818684628452,-3.1787699422409945,0.5879902003862216,-5.430404850174182,5.6226351504300414e-8,3.508447632517298e-7,ENSG00000064835,POU1F1
49293.39288786787,-2.680906918655615,0.21622809353887676,-12.396987037315068,2.7133537947861123e-35,9.863310582503954e-34,ENSG00000065989,PDE4A
323.5534207384955,-2.080354168969942,0.619257114143062,-3.3693721630040456,7.533962952287825e-4,0.002539387328529805,ENSG00000070748,CHAT
1222.425459079498,-2.3011813643013155,0.37422317854789205,-6.142413885845163,8.127674320393561e-10,6.2761272231615835e-9,ENSG00000072952,MRVI1
1539.1256258624528,-2.0251425087956334,0.3311465522619946,-6.111980752230319,9.840205466563261e-10,7.526180372405816e-9,ENSG00000073282,TP63
63927.44573262805,-3.2603915080711867,0.35813681849789897,-9.094391712610419,9.511740699587841e-20,1.5861249022796253e-18,ENSG00000076864,RAP1GAP
10887.458924464068,-2.592730967398611,0.24036827358804566,-10.784335864263438,4.081810198339845e-27,1.0240605295292649e-25,ENSG00000077522,ACTN2
1298.644654732498,-2.8620395916552894,0.30534457494189227,-9.365708121597471,7.554202090645436e-21,1.3455386244095012e-19,ENSG00000078328,RBFOX1
575537.6994930868,-2.20635038008987,0.13797933363826562,-15.990184008245194,1.4958851125888256e-57,1.1899874468116033e-55,ENSG00000078596,ITM2A
12232.814899796607,-3.3634591473246656,0.14835913894265626,-22.66909583954711,9.043235364946265e-114,2.863749168357118e-111,ENSG00000079101,CLUL1
13495.148240161869,-2.635232807590312,0.222578185773759,-11.837782454782007,2.4894842220564246e-32,7.991098768928489e-31,ENSG00000079215,SLC1A3
2076.6283042435825,-2.604079410523284,0.32229865532266755,-8.073890620782587,6.809287920610412e-16,8.78750346306361e-15,ENSG00000080618,CPB2
3628.9042598878295,-3.9182299624525103,0.335430851003785,-11.666363364847573,1.8934539743979401e-31,5.866322972043439e-30,ENSG00000082684,SEMA5B
4822.337436155792,-2.8117641483458438,0.22606003064402191,-12.435358915851605,1.6798456693669087e-35,6.147115252769975e-34,ENSG00000085552,IGSF9
1697.8253672163873,-2.0390395926297122,0.2863189430418227,-7.119142450285919,1.0860062414922634e-12,1.0924413426177826e-11,ENSG00000086548,CEACAM6
28002.962746990022,-3.3343814058313144,0.19864147779858,-16.783823808815683,3.2051669485754196e-63,3.015970522410939e-61,ENSG00000089250,NOS1
8726.905370542869,-3.6135659988450333,0.30793134321838,-11.72645977422974,9.327899840506558e-32,2.928551509506606e-30,ENSG00000089847,ANKRD24
653.8065920649293,-3.8127021341970875,0.575629865697422,-6.649426543112726,2.942371493511695e-11,2.6289762009580617e-10,ENSG00000091583,APOH
1238.8107769151397,-2.501059646164976,0.34286457294176514,-7.287937930394124,3.147349017894771e-13,3.308483643643357e-12,ENSG00000092850,TEKT2
1591.047328698694,-2.85514322201141,0.43297189094009314,-6.580157802842024,4.699492285752218e-11,4.133896339181719e-10,ENSG00000093072,CECR1
6634.5080374320505,-3.870486487086636,0.34097337013392914,-11.338527307083428,8.455538626679425e-30,2.3965121267733237e-28,ENSG00000095917,TPSD1
192351.75020363688,-2.324137357822343,0.1428096930569765,-16.274039345857446,1.5086856651199056e-59,1.2707686367022755e-57,ENSG00000099284,H2AFY2
5282.171250471884,-3.1531372272028304,0.2352574742881617,-13.398976236432166,6.130293059692815e-41,2.788605961711646e-39,ENSG00000100078,PLA2G3
8644.822145430537,-2.0271651046467185,0.29804414527136747,-6.799166212395942,1.0522636068985182e-11,9.78855577215917e-11,ENSG00000100095,SEZ6L
6542.924748099051,-4.374890022925672,0.47772404908378524,-9.134688725380665,6.55952056139954e-20,1.1084209859883654e-18,ENSG00000100346,CACNA1I
7017.976412991636,-4.203360332530429,0.3062331517809179,-13.713661999265849,8.410357170811277e-43,4.020126314419428e-41,ENSG00000100593,ISM2
6040.539892477016,-2.685735940145863,0.2413838567311976,-11.123791119372054,9.609972168449172e-29,2.5836312113935106e-27,ENSG00000100604,CHGA
55.60527252625509,-2.1651299313289516,0.6174813560240152,-5.127165245367031,2.9413733538376504e-7,1.6791677939901054e-6,ENSG00000101438,SLC32A1
11014.663659717196,-2.642230515312569,0.23383827337958454,-11.297280110187165,1.3534515302212356e-29,3.79035482111447e-28,ENSG00000101746,NOL4
415.1000554287377,-2.5689102608901004,0.3863166689034681,-6.637812280570801,3.183729548969323e-11,2.834629601669523e-10,ENSG00000101938,CHRDL1
2248.2840962414284,-2.3868680594551672,0.3395761159965273,-7.023663873769625,2.1612438936033017e-12,2.1171447469342992e-11,ENSG00000101977,MCF2
66310.61674198332,-3.2809426087573508,0.2099653305383788,-15.624017863264877,4.9955970976759426e-55,3.6318983402838738e-53,ENSG00000102445,RUBCNL
6646.453421437104,-2.130510807731729,0.4857069391071419,-4.374921477710634,1.2147619757750029e-5,5.553438493916428e-5,ENSG00000102524,TNFSF13B
7160.614334719722,-2.170911358621465,0.32676138991407544,-6.640099757661542,3.134709221763089e-11,2.7932498243924673e-10,ENSG00000103723,AP3B2
239359.60916089275,-3.0778300360739936,0.16252107240479152,-18.93720098476057,5.6312301416817254e-80,8.242619266050931e-78,ENSG00000104870,FCGRT
3528.8949186117857,-2.267483781694882,0.3302542401794777,-6.861612366118819,6.8087615390073224e-12,6.416015809031965e-11,ENSG00000104888,SLC17A7
11236.80620659797,-3.6778148121203103,0.31626523679184254,-11.619795848152338,3.269165046618446e-31,1.0024830693233883e-29,ENSG00000105048,TNNT1
1538.8296641723039,-2.761542203683863,0.2955318549109463,-9.338268245343201,9.792256745582937e-21,1.733861202467895e-19,ENSG00000105122,RASAL3
11524.63549172927,-5.20081869502681,0.21434437357130953,-24.24999701452456,6.612642251546089e-130,2.7567184799040365e-127,ENSG00000105369,CD79A
8344.170244422157,-2.820475345349469,0.2043623971564308,-13.79937993687977,2.570541093534204e-43,1.2468070747342485e-41,ENSG00000105409,ATP1A3
59895.97360588208,-3.638117700049357,0.2523573190136587,-14.412226419612866,4.3350718816184164e-47,2.444713310774331e-45,ENSG00000105642,KCNN1
25916.537710041797,-2.3082522792718554,0.23639447721300866,-9.762910752160431,1.6242517574892405e-22,3.17843775289071e-21,ENSG00000105880,DLX5
1034.4318548679387,-3.0442942573543896,0.41308544601021574,-7.3543263389418145,1.91892401704706e-13,2.0538785693021733e-12,ENSG00000107159,CA9
50.02908359255013,-2.0680803133633923,0.6143404562512047,-4.963640368138211,6.918399804932785e-7,3.7648806869738323e-6,ENSG00000107187,LHX3
37103.83593295476,-2.1624720853017383,0.15767861090956908,-13.714017118622296,8.369283406729332e-43,4.0063078447270905e-41,ENSG00000107736,CDH23
59553.43549112462,-2.7314871376467544,0.18479216282288546,-14.780387828305539,1.9603413365589005e-49,1.2067641416491745e-47,ENSG00000108176,DNAJC12
6329.62515717624,-2.4187564121101155,0.29535018883131,-8.186044126796526,2.6995278622855567e-16,3.592717008169887e-15,ENSG00000108830,RND2
5221.17264490155,-2.5039726975052705,0.1995463075283227,-12.546757762877137,4.141218206760462e-36,1.5587072048165607e-34,ENSG00000108924,HLF
2532.1564147977583,-2.243154660860141,0.5969481810755551,-3.7507371188845147,1.763154783430757e-4,6.659908204783639e-4,ENSG00000108984,MAP2K6
169.5765300594716,-5.291122283253099,0.6046946605032955,-8.236751100847162,1.7695007585442048e-16,2.389370150959198e-15,ENSG00000109158,GABRA4
4827.419039605161,-2.138312718114028,0.4963971656330268,-4.2953674097631795,1.7440425027569897e-5,7.779804386536463e-5,ENSG00000109193,SULT1E1
4433.370046422384,-2.9861698599244244,0.5780853855253544,-5.166455714025104,2.385746970283484e-7,1.3755635630132398e-6,ENSG00000111087,GLI1
9358.702365410973,-2.4514797601018756,0.28156294562447826,-8.703714004801364,3.2119585689905113e-18,4.8479671636633134e-17,ENSG00000111249,CUX2
2303.016585768186,-2.701026320310185,0.3356617074468796,-8.04013761219503,8.97376368891724e-16,1.1477356634205842e-14,ENSG00000111305,GSG1
1587.0240563578266,-2.4176023721094086,0.311408419584149,-7.758743343679168,8.577503432125765e-15,1.0154259454839323e-13,ENSG00000111644,ACRBP
15030.120259444664,-5.023973569964793,0.43534283709014215,-11.51418386438922,1.1191406810235713e-30,3.323514805124463e-29,ENSG00000112936,C7
5740.598525978286,-2.1783184982531214,0.19547507622094837,-11.142705253960154,7.772198353485954e-29,2.1067455191251555e-27,ENSG00000113763,UNC5A
10280.45367035388,-2.323257842709031,0.23124770253563812,-10.045123530505274,9.652666187667568e-24,2.024846549201552e-22,ENSG00000114115,RBP1
1913.6562048762855,-2.1020723548106366,0.6258564307107243,-3.8789635834337766,1.0490245612901811e-4,4.1296407962623506e-4,ENSG00000114487,MORC1
24666.574018921423,-2.8642709525597283,0.19414982927497282,-14.751465802042262,3.0105424096792143e-49,1.842922002237458e-47,ENSG00000114646,CSPG5
2547.5888948139423,-2.585248887546828,0.35501906222595236,-7.27499519175697,3.464327908538748e-13,3.6277957182771105e-12,ENSG00000114805,PLCH1
7172.089347324907,-2.6687163261157987,0.5203601375139684,-5.111714270275241,3.192484444936768e-7,1.8128838351561196e-6,ENSG00000115252,PDE1A
355.50763952249554,-2.3922943157300938,0.6245590076778232,-3.8956939769426655,9.791795891945594e-5,3.877395766566505e-4,ENSG00000116748,AMPD1
31996.9855832709,-3.78953131415407,0.19855282353302262,-19.082987890552687,3.4968517772266965e-81,5.3071574392250703e-79,ENSG00000117115,PADI2
1156.0357661165096,-2.3362227100870476,0.3576007772554584,-6.5268658930893855,6.71601274135885e-11,5.813013498657356e-10,ENSG00000117154,IGSF21
10082.896069510527,-2.6833721976520137,0.16401698742987192,-16.35921017508213,3.73946326066766e-60,3.223965524262532e-58,ENSG00000117407,ARTN
367.38562641420776,-2.098008453272891,0.5180895481404459,-4.035152102053452,5.456693704626702e-5,2.2477892491329056e-4,ENSG00000118113,MMP8
30342.736334472615,-2.3726676775224154,0.1385239939928668,-17.127789500575393,9.208764931113979e-66,9.418679013705211e-64,ENSG00000118507,AKAP7
324.0265673507756,-2.130923775214971,0.488493849964583,-4.348396819613616,1.3713630966610724e-5,6.2227159307572e-5,ENSG00000118729,CASQ2
46354.6968443099,-2.08249458174409,0.19468942666999872,-10.695820890459364,1.0647262867173994e-26,2.620754523673455e-25,ENSG00000118946,PCDH17
2305.976133269177,-3.945667441737647,0.41369907429105135,-9.514436447137735,1.8270045853878075e-21,3.3690128227974274e-20,ENSG00000119715,ESRRB
55.05184831173032,-2.5299122308665054,0.6262045798162634,-5.433327598230137,5.5312723418589576e-8,3.4560220699446573e-7,ENSG00000120952,PRAMEF2
7439.377782130758,-5.078765420205096,0.30319848584535497,-16.7297815314159,7.952946443782689e-63,7.419896265709322e-61,ENSG00000121966,CXCR4
14702.411316803502,-2.133604866337707,0.175132475895396,-12.182201315754567,3.8670154983549204e-34,1.3505438857139017e-32,ENSG00000122877,EGR2
236998.97884014054,-2.0713791517144218,0.16088513287063586,-12.87453220056269,6.261731361074673e-38,2.5118618836252533e-36,ENSG00000123338,NCKAP1L
10070.865419413338,-2.3184637067501956,0.25241741047704397,-9.183107698945284,4.188261074057173e-20,7.143251694096268e-19,ENSG00000123360,PDE1B
7305.1331230115175,-2.019148040900773,0.217426238889867,-9.285598003358757,1.608016335152073e-20,2.8169367011648074e-19,ENSG00000123689,G0S2
1980.4326629849304,-3.7704982449195588,0.41429644909106955,-9.079038164618577,1.0953852642043202e-19,1.820152285131437e-18,ENSG00000123977,DAW1
77064.15494621506,-2.098876844444708,0.13939319075945641,-15.056979055248217,3.1066171134453253e-51,2.0586182699035884e-49,ENSG00000124191,TOX2
9829.606334486303,-3.5647706811988273,0.26064832968207396,-13.670980778705283,1.513414878289105e-42,7.181960461321814e-41,ENSG00000124343,XG
63.8130372326109,-2.8524288004211997,0.6300813573380141,-5.797708281221318,6.722726085458418e-9,4.6834822018140996e-8,ENSG00000124610,HIST1H1A
46008.5123497903,-2.4116700854219584,0.14246393197032683,-16.92787127753283,2.803364574890854e-64,2.699590903785245e-62,ENSG00000125820,NKX2-2
152.85125030369937,-2.0809055309909144,0.49472910191222863,-4.191820257106694,2.7672520452484304e-5,1.194608452722661e-4,ENSG00000126353,CCR7
1840.8651607003767,-3.347463986605567,0.476414968408723,-7.005263364531365,2.4652166512194508e-12,2.4070395846801478e-11,ENSG00000126752,SSX1
51809.53479180655,-2.6773467168988865,0.1994719442273801,-13.420962749678944,4.5575366396861403e-41,2.087592652175568e-39,ENSG00000127152,BCL11B
30798.523051283562,-3.265520755434454,0.18031229070144378,-18.108792677909882,2.7164073107937413e-73,3.313413273099299e-71,ENSG00000127324,TSPAN8
15084.67341199189,-3.4527882147776308,0.16616455438416708,-20.77721280049394,6.958275352348152e-96,1.4322740028389627e-93,ENSG00000128422,KRT17
59514.08020800828,-4.137646003957137,0.3453715733184635,-11.967570326521642,5.2544859602174426e-33,1.7427113858388845e-31,ENSG00000128610,FEZF1
4269.284138147463,-3.395431111011064,0.33366850682353466,-10.16602804726347,2.81140326231856e-24,6.107569593746666e-23,ENSG00000129991,TNNI3
16034.767154874493,-2.558373632245171,0.1621769654163433,-15.77437898668553,4.669684047260204e-56,3.519253419049601e-54,ENSG00000131094,C1QL1
14720.211431692163,-2.2078350066248627,0.2802632275938904,-7.8754109088419,3.3962480841324343e-15,4.148814332448724e-14,ENSG00000131409,LRRC4B
3340.2240446627147,-2.662450157524437,0.42184454937885235,-6.300119254066508,2.974167283613927e-10,2.4019427493511787e-9,ENSG00000131771,PPP1R1B
1218.7601665750392,-4.101530728118465,0.3516892241000432,-11.634172920560111,2.7625488325867403e-31,8.510924532498756e-30,ENSG00000132915,PDE6A
14193.780689460378,-3.1126129718014104,0.4306125869565326,-7.213941779009806,5.435500329297771e-13,5.599398431188389e-12,ENSG00000132958,TPTE2
1024.2593669715625,-2.2270267271731177,0.3427997114198884,-6.491509000033137,8.498083329192427e-11,7.271391955407207e-10,ENSG00000133636,NTS
402.576996705767,-2.3704701006824678,0.6190976778723167,-3.8608442061177257,1.1299593745420928e-4,4.4281392243180966e-4,ENSG00000134042,MRO
1427.7288031634744,-2.5688038731623166,0.3373402423771134,-7.6084724443561065,2.7735437156033546e-14,3.14978926654072e-13,ENSG00000134323,MYCN
5099.512891042132,-2.368694059897304,0.3527522344874264,-6.7094532373603855,1.9535500908431722e-11,1.7738687259947348e-10,ENSG00000134438,RAX
1006.2601145527887,-2.0813241440692822,0.3932447763241214,-5.2862129831603,1.2487449571991986e-7,7.470693264377548e-7,ENSG00000134594,RAB33A
276711.5429382752,-3.4564112311404758,0.1752204888846904,-19.72476292518884,1.3217566183968923e-86,2.2209557382797575e-84,ENSG00000134709,HOOK1
333.88638956599993,-2.0260904354101266,0.6191845289615048,-3.2781936980553343,0.0010447367919576513,0.0034240284322756206,ENSG00000135248,FAM71F1
5442.2103425393825,-2.3660725091212353,0.2779684640088215,-8.509215060591494,1.7511476975689777e-17,2.5107661415645067e-16,ENSG00000135298,ADGRB3
11621.635106408561,-2.3365735125685054,0.451897125217529,-5.159911229806774,2.470669624872536e-7,1.422535549397764e-6,ENSG00000135333,EPHA7
51929.48703796241,-4.582000599037636,0.3555310025684315,-12.871584797660708,6.50535112164268e-38,2.6064140369851584e-36,ENSG00000135447,PPP1R1A
3761.774556085636,-2.5802141282629028,0.26056348912267757,-9.899337429172899,4.190419626039616e-23,8.492755690091613e-22,ENSG00000135519,KCNH3
1799.7261197750315,-3.2171652910295276,0.3146412503216129,-10.215097184539662,1.697090005879249e-24,3.718693430048382e-23,ENSG00000135625,EGR4
1757.7756171471055,-2.269305139835336,0.34917406647607513,-6.493681001115121,8.376401857920212e-11,7.174731307899722e-10,ENSG00000135917,SLC19A3
3084.4608687373716,-3.648220306774627,0.347894724072435,-10.473030212333539,1.1490478069696486e-25,2.6556309105079584e-24,ENSG00000136099,PCDH8
16335.84914688348,-2.68189132417458,0.28307481880985175,-9.470669106325598,2.7805679607968703e-21,5.0790474332159806e-20,ENSG00000137558,PI15
1558.8293485298927,-2.0815299664349047,0.29430831826033227,-7.069786064191401,1.551727363874858e-12,1.543478979216387e-11,ENSG00000137857,DUOX1
5191.6752305635,-2.3687505901710324,0.3254585689125156,-7.273861288851865,3.493547227710576e-13,3.6572309090089035e-12,ENSG00000138111,MFSD13A
5962.176047542731,-2.289196879837167,0.24253244594101567,-9.436912650188521,3.839248330559449e-21,6.95882248313951e-20,ENSG00000138670,RASGEF1B
481.24697994352294,-7.579983351350044,0.542184803549454,-10.629235672131934,2.1789084085235612e-26,5.2726061371282115e-25,ENSG00000138722,MMRN1
370.1266027194091,-2.3536723410249563,0.4925402770622416,-4.763002262327529,1.9073370205423484e-6,9.772283359449549e-6,ENSG00000139287,TPH2
3285.8155365069692,-3.4621950836472024,0.3192104775570172,-10.836009319065,2.3238842464324045e-27,5.887292597846524e-26,ENSG00000140015,KCNH5
41726.46589083077,-4.919426411094001,0.37732963108772766,-13.016884973825542,9.809149087898908e-39,4.073827440868381e-37,ENSG00000140057,AK7
1179.4750536412078,-3.2033208580825123,0.27948123639344763,-11.451483354143836,2.311556719926465e-30,6.767005245694062e-29,ENSG00000140519,RHCG
14704.03349113451,-2.9261393320428666,0.23939745211427427,-12.22024421318958,2.423555656563993e-34,8.518397224469428e-33,ENSG00000140600,SH3GL3
23015.76565165489,-3.6992717283795984,0.14275498193407424,-25.911571320067193,4.9325926213390264e-148,2.7075000898529913e-145,ENSG00000141968,VAV1
40943.13411103683,-2.68022140125483,0.12855373794448485,-20.848580226511167,1.5701253328932389e-96,3.27281694389278e-94,ENSG00000143032,BARHL2
482.39828670151974,-2.0598977652321175,0.4040716787949843,-5.09036115064813,3.573821854502319e-7,2.0161056689993044e-6,ENSG00000143850,PLEKHA6
747.7769388207387,-3.8558486097330986,0.5804233901377437,-6.686453935200194,2.286430720417871e-11,2.06246876875882e-10,ENSG00000143851,PTPN7
1659.6637511313554,-2.5888567922495973,0.2957901455013612,-8.74763748519785,2.1786584962118553e-18,3.318776082989882e-17,ENSG00000144227,NXPH2
314.122951908671,-2.1286532774903697,0.4419472011391652,-4.805626055664916,1.5426800228642675e-6,8.00336920370243e-6,ENSG00000144285,SCN1A
2069.8534833100866,-2.650565255352632,0.2479986626571214,-10.684146686886582,1.207544003947234e-26,2.9568218755389e-25,ENSG00000144406,UNC80
631.3253983710828,-3.4090186392740707,0.5976080595502222,-5.768121484709449,8.016001518641385e-9,5.5334100610969474e-8,ENSG00000144476,ACKR3
3106.608416258406,-4.643411025436804,0.3085488235663298,-15.026085234576708,4.954324939738382e-51,3.2698544602273323e-49,ENSG00000144481,TRPM8
12109.965256808056,-3.731102297140877,0.233174149964439,-15.99663016050036,1.348809274030029e-57,1.0781962289054606e-55,ENSG00000144644,GADL1
1251.6334466139808,-3.12799007311432,0.2596196995777872,-12.039995688073086,2.1896709358580763e-33,7.39637154887691e-32,ENSG00000144820,ADGRG7
1956.4088513401944,-3.461203393483552,0.428340751166869,-8.060711910034996,7.585139836047739e-16,9.750546266994388e-15,ENSG00000145192,AHSG
1678.1800680198596,-2.8724404814650923,0.21511366023460965,-13.348428829134177,1.2097357402954786e-40,5.4353938432321004e-39,ENSG00000145626,UGT3A1
2519.754101654772,-5.442169993691854,0.2915743520116965,-18.610181034904013,2.657181936107443e-77,3.6161830530480386e-75,ENSG00000145681,HAPLN1
27364.546413761524,-3.2347287761673598,0.2233913401357179,-14.477497657046637,1.6810655142149504e-47,9.69600904468567e-46,ENSG00000146038,DCDC2
3532.9227025533432,-3.304475582605022,0.3672964854896671,-8.984728084814995,2.593748573353945e-19,4.195604887762222e-18,ENSG00000146049,KAAG1
126364.45061832534,-3.03841570882142,0.16352404301358398,-18.579991585931246,4.665783664624e-77,6.297660623390444e-75,ENSG00000146250,PRSS35
140.93137903701617,-5.216718108824078,0.6045122675670375,-8.07159445127656,6.93860152655792e-16,8.950877503942754e-15,ENSG00000146276,GABRR1
21739.09628973114,-2.9416131073316993,0.23500458201129734,-12.514782226033041,6.197762528889925e-36,2.3185922462818586e-34,ENSG00000146409,SLC18B1
27880.776340979613,-2.380553884628953,0.23787022002997923,-10.00616366781571,1.4319813727431097e-23,2.975449497155935e-22,ENSG00000147041,SYTL5
10076.52070137229,-4.0142624189934955,0.21633757826815986,-18.549975395576823,8.158933449205491e-77,1.0878798146402171e-74,ENSG00000147869,CER1
7049.634086068596,-2.0471008021376362,0.29754517672853437,-6.877512306020373,6.090676318030241e-12,5.762434181499798e-11,ENSG00000148541,FAM13C
48005.41582454827,-2.296178312199842,0.22315354914858948,-10.288458299157973,7.943805333128088e-25,1.7605739222156154e-23,ENSG00000148948,LRRC4C
136062.15879605772,-2.5394147984800854,0.19795184373098226,-12.827428613658912,1.1512187599609414e-37,4.567980559102849e-36,ENSG00000150672,DLG2
57202.802083031645,-2.1849677471437703,0.10464606480072987,-20.879432488690668,8.236427798373568e-97,1.7277612300104145e-94,ENSG00000151702,FLI1
8470.289289664035,-2.1499147788539856,0.21553382124420195,-9.973717817958644,1.9865053404427878e-23,4.1043642962448416e-22,ENSG00000151743,AMN1
33763.13315787368,-2.1935374021988556,0.17592467531036454,-12.468031483948392,1.1154767865527347e-35,4.137062217154028e-34,ENSG00000152580,IGSF10
19435.27550959666,-3.2050207283153154,0.3786427169558415,-8.453700406922295,2.8221289274831627e-17,4.005271901151001e-16,ENSG00000153820,SPHKAP
26316.020325832684,-4.223822454637497,0.21759479644269966,-19.406707748765392,6.773020004483025e-84,1.0672853628116936e-81,ENSG00000154162,CDH12
365.68600613482306,-2.2999841033029544,0.6173250177324224,-3.7453036949709606,1.8017568600654966e-4,6.796364726766357e-4,ENSG00000154269,ENPP3
105772.20000218156,-2.6166747749974113,0.1749313421834654,-14.957529278928758,1.3909494718161813e-50,8.982260765645905e-49,ENSG00000154359,LONRF1
6450.627387068987,-2.384456768425995,0.29424628949537407,-8.100340465910683,5.480559022193964e-16,7.120186620786431e-15,ENSG00000154639,CXADR
61612.47135041307,-2.4798279266309984,0.4594770393818939,-5.384955944059231,7.24623948455126e-8,4.4590368307961735e-7,ENSG00000155011,DKK2
314.49586741979255,-2.5630722072933945,0.4331881898660407,-5.9013201039451975,3.6060447967259964e-9,2.590782708014266e-8,ENSG00000155622,XAGE2
1101.1048992982464,-2.2173085521525895,0.4406327969400662,-5.022450415892961,5.101637034261891e-7,2.824769907302978e-6,ENSG00000156427,FGF18
14718.17503839056,-2.1547082936904745,0.1606161849094506,-13.41475928965271,4.955394400939112e-41,2.2635361886342398e-39,ENSG00000156564,LRFN2
6149.160402210472,-2.015887749152148,0.28371714668790704,-7.103172950102412,1.2192466613591709e-12,1.2231090327506224e-11,ENSG00000156925,ZIC3
50701.35022166537,-2.1982955786635734,0.09542375561969355,-23.037038464067173,1.9840002818781333e-117,6.667455641160657e-115,ENSG00000157214,STEAP2
1514.4132781647131,-2.2347158835235588,0.31350047277560084,-7.124205252330011,1.0468294807363968e-12,1.0552887088635596e-11,ENSG00000157335,CLEC18C
318.02024411893797,-6.893665339901542,0.5604153146221224,-9.858308454815225,6.3103492653026e-23,1.2664536423124668e-21,ENSG00000157502,MUM1L1
275.91950512339287,-2.180988998743222,0.5925419955110233,-3.6673136575715053,2.4511205505063746e-4,9.054986450967688e-4,ENSG00000157765,SLC34A2
56892.99468501697,-2.414409432924751,0.2149661777939115,-11.230372889829283,2.892552174416903e-29,7.9851897160307026e-28,ENSG00000157851,DPYSL5
60790.556346611156,-3.116535511381063,0.0861384821312007,-36.18010539892125,1.2513963697246382e-286,2.943820574322231e-283,ENSG00000158258,CLSTN2
2025.2125476039043,-2.292626634620099,0.3293945325953983,-6.955490920152889,3.5133641098930905e-12,3.387269718829597e-11,ENSG00000158473,CD1D
331685.5106717089,-3.051232469302087,0.1679423135671452,-18.167445597536247,9.344867810117265e-74,1.1526736946007566e-71,ENSG00000159023,EPB41
5680.480765357123,-2.6505471429726817,0.27509267563098844,-9.631604797761419,5.880382911193478e-22,1.113654576177378e-20,ENSG00000159182,PRAC1
367.34763202475625,-7.574799768005515,0.5310199084828431,-10.562107748098395,4.4652122732669245e-26,1.0587278690264427e-24,ENSG00000159224,GIP
12171.684444153821,-2.061132424073289,0.17149705631076587,-12.017923888375977,2.8606887777253887e-33,9.653066004672947e-32,ENSG00000160117,ANKLE1
6432.625676926014,-2.05614947304359,0.2172515261612228,-9.463297322114679,2.9838248089713725e-21,5.441267234698958e-20,ENSG00000160716,CHRNB2
660.33118929494,-2.1138131199251204,0.4497462449725668,-4.69000978916904,2.7319197868330375e-6,1.3712557099168023e-5,ENSG00000160862,AZGP1
54.855278207475955,-2.4597919992951995,0.6249174017175766,-5.372832832549076,7.750918032734087e-8,4.752866126718969e-7,ENSG00000160883,HK3
1039.7876875553645,-3.2953613749935085,0.38759782930008,-8.484935979990338,2.15837529829624e-17,3.0812280916379877e-16,ENSG00000161082,CELF5
404.5457615562372,-3.1605248170221736,0.6041069481790176,-5.2851630803679726,1.2559282230401897e-7,7.50957518111939e-7,ENSG00000161609,CCDC155
13671.78037124136,-3.436088868334997,0.26333190196097145,-13.043590101502332,6.912389348725082e-39,2.8889927767882213e-37,ENSG00000161681,SHANK1
293.09522789836825,-2.1061771184614617,0.6306683918287824,-3.56677645412317,3.613995220126447e-4,0.0012965503113251025,ENSG00000161940,BCL6B
13530.208962362298,-2.5963432807718414,0.3096435085024505,-8.380698602147236,5.2614472336371145e-17,7.354860067597824e-16,ENSG00000161958,FGF11
122.16987862902296,-4.703445296820474,0.6157953366530402,-7.598829437668764,2.988213124104262e-14,3.3842438455725503e-13,ENSG00000161973,CCDC42
465.2542831816889,-2.0150590808946487,0.39727603070726697,-5.06532165725253,4.0771132492601324e-7,2.283211150333841e-6,ENSG00000162873,KLHDC8A
10926.548377492492,-3.5709061340744186,0.25339963039928604,-14.086830700319712,4.576435868693375e-45,2.4076731453601853e-43,ENSG00000163406,SLC15A2
1419.963272296013,-2.626859764218376,0.2766971811641806,-9.488685556253948,2.339657760980516e-21,4.295110852850185e-20,ENSG00000163421,PROK2
9409.598983443106,-3.435350899371925,0.5815863730243237,-5.935864181615029,2.9230170845950387e-9,2.1227485041687545e-8,ENSG00000163497,FEV
23045.203468504613,-5.754897118303615,0.19508213830156915,-29.486601193274517,4.276152381946002e-191,4.400962579594051e-188,ENSG00000163630,SYNPR
437.0612470965759,-2.3661887702188618,0.4375610451723349,-5.395496978083119,6.833414282317303e-8,4.223942679689153e-7,ENSG00000163793,DNAJC5G
2911.577572880187,-2.3134496921059373,0.24505829634753853,-9.438278696700394,3.78953280795542e-21,6.87627953152638e-20,ENSG00000163873,GRIK3
15215.2545216048,-2.3879692165068813,0.16143482095287348,-14.791472455843053,1.6627604007029854e-49,1.0254934651077175e-47,ENSG00000163884,KLF15
2386.8304743715553,-2.5803381082304013,0.40502844371748664,-6.360896425038229,2.0057966979086509e-10,1.6469436162783224e-9,ENSG00000164076,CAMKV
4559.4633386293635,-3.018592413112545,0.2881463528829107,-10.470450416210841,1.1807981608841783e-25,2.7270972391696724e-24,ENSG00000164082,GRM2
837.5994351696547,-2.2573414870008635,0.2873796393212521,-7.850809203189625,4.133614121856978e-15,5.012387610060299e-14,ENSG00000164112,TMEM155
63019.600838558115,-2.9569955747425305,0.35077866749962555,-8.422333725127189,3.690580209546303e-17,5.198698401248842e-16,ENSG00000164128,NPY1R
7334.768007939861,-2.8758904361514124,0.24925741290958617,-11.534639716594102,8.825589008060276e-31,2.637585738579466e-29,ENSG00000164129,NPY5R
4501.421399702532,-2.641497851331316,0.2328234564061471,-11.343011120021487,8.033195135025386e-30,2.2787704442457023e-28,ENSG00000164362,TERT
1221.9614214545563,-2.6135514565511926,0.5488302343585711,-4.7448490173594875,2.0866191312460115e-6,1.0629654210124695e-5,ENSG00000164434,FABP7
134804.1503572739,-2.2908602281948127,0.1878013171008808,-12.19760926940137,3.2008423155932993e-34,1.1202607951301776e-32,ENSG00000164684,ZNF704
2694.4435306839837,-4.123604494528994,0.43121065004417625,-9.536431586849668,1.4783162026884319e-21,2.7460161206622004e-20,ENSG00000164853,UNCX
2037.6107046414859,-3.2678044651509266,0.31046071634441114,-10.516312822926777,7.266170282660247e-26,1.6996026426784985e-24,ENSG00000165061,ZMAT4
5982.574556828323,-2.5392076944761195,0.224131407821377,-11.327198187219734,9.623400861522991e-30,2.71118121448587e-28,ENSG00000165071,TMEM71
842.2604752301116,-2.4900412678309176,0.5075360111974395,-4.889052719712857,1.0132236047730126e-6,5.3917444174494095e-6,ENSG00000165349,SLC7A3
104711.78542573994,-4.154069935493856,0.2073859653875202,-20.027392709704287,3.1787046261906965e-89,5.539018950209756e-87,ENSG00000165566,AMER2
393.6728411170577,-2.0707682713195963,0.4921819907560096,-4.194417393766701,2.7357382440191124e-5,1.1823989938126699e-4,ENSG00000165583,SSX5
58485.9426310615,-2.863110764723375,0.21614673351434815,-13.244416891141466,4.860421426469265e-40,2.1286319050443985e-38,ENSG00000165588,OTX2
28191.91098500611,-2.856133918868038,0.16232411963580345,-17.594323328549205,2.7228860078912436e-69,3.0295786413476425e-67,ENSG00000165731,RET
76061.95757749243,-2.1908043756182884,0.40339204457728645,-5.424179971893436,5.8221198949737055e-8,3.627425210387136e-7,ENSG00000165821,SALL2
8597.535684717153,-2.2764380021901425,0.18407873138269049,-12.365739969713852,4.005059966418589e-35,1.4447168119828018e-33,ENSG00000165995,CACNB2
72459.90247656395,-2.542888201390521,0.19178702403173412,-13.257961457558462,4.057766583227936e-40,1.7866107573800647e-38,ENSG00000166265,CYYR1
4712.171770666965,-2.003096910093793,0.31847306132020786,-6.286753892191296,3.2417266279320006e-10,2.605882957391079e-9,ENSG00000166342,NETO1
195023.59862551704,-3.2206278433460915,0.1283313886642081,-25.095680037476154,5.543804576968727e-139,2.684994999086589e-136,ENSG00000166501,PRKCB
120.41961854997383,-4.499208004637269,0.6197644968689189,-7.442427715856127,9.885155193704267e-14,1.0823061873319691e-12,ENSG00000166509,CLEC3A
5292.79042306023,-4.35881703406928,0.3035713654377092,-14.343449347146116,1.1708816993277583e-46,6.513820588793985e-45,ENSG00000166535,A2ML1
1795.1065274769824,-2.3090931707403977,0.29744586938411194,-7.759380737136346,8.534507907616754e-15,1.0106993291242364e-13,ENSG00000166689,PLEKHA7
31600.483819138746,-5.028548371868593,0.2460548393060185,-20.42755083196031,9.51566154432482e-93,1.8654095077428192e-90,ENSG00000166828,SCNN1G
794.90098028972,-3.0467463306322426,0.4156597045194653,-7.3124462657589335,2.623221938217136e-13,2.7743478263726127e-12,ENSG00000166863,TAC3
648.6675318923081,-3.007269317157318,0.36213960014664254,-8.290283291512857,1.129790575581647e-16,1.5484195928508515e-15,ENSG00000166869,CHP2
97.79585351315728,-3.227662265732404,0.6314308704832048,-6.399621267197465,1.5576282822295272e-10,1.2960821083109462e-9,ENSG00000166960,CCDC178
18715.34102219046,-4.695001780535222,0.4942625456038508,-9.48441906101777,2.437369181711138e-21,4.469505380315959e-20,ENSG00000167210,LOXHD1
3240.8873975003025,-2.443416316815768,0.3116563216744635,-7.835774446981057,4.659616759207896e-15,5.633620350504876e-14,ENSG00000167646,DNAAF3
2013.796566521354,-2.786337149747839,0.36549824178112406,-7.614535186596298,2.6464208338358416e-14,3.0090188226127387e-13,ENSG00000167676,PLIN4
364.49443759647994,-2.2765051310857563,0.6168309573524932,-3.7076169720911096,2.0921878521071828e-4,7.805178378035563e-4,ENSG00000167880,EVPL
444.4350143855995,-2.0558722702855006,0.48573639266586116,-4.220642862353891,2.4360661508403e-5,1.0620784036507074e-4,ENSG00000167964,RAB26
1002.9207658700795,-2.285927021387813,0.3943292948700645,-5.789490887111451,7.060008693352669e-9,4.8991640604061696e-8,ENSG00000168032,ENTPD3
58.519173172032986,-2.666117824942688,0.6282002474637833,-5.587853573184297,2.298933553614036e-8,1.50224360426041e-7,ENSG00000168263,KCNV2
239.2509896503731,-2.5200074933488317,0.6290671124893691,-4.8886669494621815,1.0152108131216905e-6,5.401446352075889e-6,ENSG00000168314,MOBP
590.092119293808,-3.862851726457829,0.340983623025152,-11.293687821266104,1.4099410415087053e-29,3.9451995124084708e-28,ENSG00000168412,MTNR1A
31664.813572426854,-2.196252841558787,0.18744631390825597,-11.716006478528243,1.055304769833533e-31,3.3068893710463914e-30,ENSG00000168421,RHOH
1903.9811920623067,-4.009648216394308,0.24506015683482654,-16.34585899246409,4.6556345982885474e-60,3.9825628535074035e-58,ENSG00000168447,SCNN1B
10584.851060433295,-2.4458089109694976,0.21521913139112803,-11.362880733799201,6.399882849571218e-30,1.831222778173575e-28,ENSG00000168546,GFRA2
338583.2242344236,-2.652258536236398,0.12444406982361327,-21.31257183978973,8.679441121648675e-101,2.056465567628615e-98,ENSG00000168671,UGT3A2
209837.9348201187,-2.944206578917785,0.16800981856443284,-17.523171924005425,9.535753230159334e-69,1.039902307556515e-66,ENSG00000168672,FAM84B
98911.94994365908,-2.534662359300996,0.17527432472127633,-14.460392237930824,2.1556587842536884e-47,1.238995923221832e-45,ENSG00000168765,GSTM4
44475.51741497638,-2.501076841581615,0.1379814546735304,-18.125757255438145,1.995765117752024e-73,2.45255702940467e-71,ENSG00000169297,NR0B1
1093.369398699882,-2.0582734403486853,0.2665203855592846,-7.720148640575435,1.16194124227229e-14,1.3555569561812114e-13,ENSG00000169314,C22orf15
7630.675007720012,-2.8537022686920714,0.2925593860839057,-9.749664031710308,1.8507976175340354e-22,3.604622633699936e-21,ENSG00000169618,PROKR1
4489.727894512865,-4.462278566178146,0.33423538543668674,-13.331308378231638,1.5220465973342624e-40,6.810744923451983e-39,ENSG00000169894,MUC3A
10219.783517604148,-2.513526688235269,0.20478567998808467,-12.272539920543041,1.2719953908388373e-34,4.509353735402182e-33,ENSG00000170049,KCNAB3
14588.12581141786,-2.1017205925801443,0.2143149068676938,-9.805706649306233,1.063996378971399e-22,2.108402932914805e-21,ENSG00000170439,METTL7B
69764.82642029208,-2.290068114924903,0.18618213213325696,-12.299440652948231,9.120351505561536e-35,3.254275801561903e-33,ENSG00000170579,DLGAP1
4232.483220246204,-2.5901085296571464,0.19573446432881833,-13.230902754818173,5.818428686250848e-40,2.5347107189548335e-38,ENSG00000170703,TTLL6
1234.8080723071732,-2.2685111542513536,0.34669330240571056,-6.537861468796732,6.240468490290786e-11,5.421355559462853e-10,ENSG00000171119,NRTN
805.3111199359388,-2.4350401397001886,0.38994981640848964,-6.235222788341157,4.511355771873575e-10,3.581031356733775e-9,ENSG00000171195,MUC7
761.8174070142326,-2.31680583013577,0.4946219777861174,-4.669653776736213,3.0170778379322265e-6,1.5045877353973024e-5,ENSG00000171483,SSX6
4980.646207952471,-2.2994509967752825,0.28277849944020633,-8.128833119949801,4.334425395302347e-16,5.689516379788262e-15,ENSG00000171766,GATM
1866.9194707087452,-2.970887468436581,0.35081425955321816,-8.458917262684444,2.6987141935359445e-17,3.8343163610833823e-16,ENSG00000171860,C3AR1
79031.51459340757,-4.23668564854948,0.2425578264742862,-17.461509096137704,2.8139601126345598e-68,3.048518498339033e-66,ENSG00000171954,CYP4F22
18021.85919843936,-3.784032671303767,0.2554866514071751,-14.805598597300337,1.3478178382832228e-49,8.3595165133747e-48,ENSG00000172236,TPSAB1
6941.966761576914,-2.0162252808465686,0.1376547450486971,-14.64649577355252,1.4184494253110364e-48,8.432348984330988e-47,ENSG00000172461,FUT9
1327.7756841311589,-2.175022574463118,0.3200052832965605,-6.792737805915633,1.1002523899445546e-11,1.0215876010835625e-10,ENSG00000172554,SNTG2
4080.2381939887277,-2.584563206186391,0.36356307118527703,-7.101886302397656,1.230654603427834e-12,1.233801482779065e-11,ENSG00000172969,FRG2C
1770.9567376087819,-2.486091735332125,0.36895876373137443,-6.730657851100069,1.6889770508820323e-11,1.5442745750624335e-10,ENSG00000173198,CYSLTR1
8367.875152832947,-4.012712397375021,0.2501071711771521,-16.036542503966416,7.099858842745265e-58,5.7735000278264825e-56,ENSG00000173212,MAB21L3
64032.76446787751,-2.900090736050892,0.13819775347939142,-20.98451872655166,9.083790266581184e-98,1.9681943989446362e-95,ENSG00000173406,DAB1
2763.6305422827145,-5.172313224355775,0.28554827597845084,-18.074541399001426,5.057411098520337e-73,6.101127366984205e-71,ENSG00000173805,HAP1
24128.824213447188,-3.0809293461590195,0.17982118525701488,-17.131854555680654,8.587317039334524e-66,8.810426771758355e-64,ENSG00000173868,PHOSPHO1
7029.504029612199,-3.5377910121291505,0.18901035759014387,-18.71361305102043,3.8347434911979335e-78,5.306447148702216e-76,ENSG00000173890,GPR160
1447.4800486507484,-2.0289784468694845,0.32796446979887034,-6.18297813409986,6.290343022531903e-10,4.920811332638141e-9,ENSG00000174460,ZCCHC12
24965.830612308288,-3.740465678078897,0.18953810375739427,-19.731977683133746,1.145982511657114e-86,1.9354763096879688e-84,ENSG00000174469,CNTNAP2
651.5149225574821,-2.3359446566219573,0.6107630613785813,-3.8343334593462908,1.2590524275005952e-4,4.885782095829457e-4,ENSG00000174473,GALNTL6
50.58283403826668,-2.020120188556984,0.6125449664392154,-4.926641097396058,8.365520947192995e-7,4.50769088473256e-6,ENSG00000174844,DNAH12
1181.8373430742968,-2.713796916942305,0.46087777308598693,-5.872711177031155,4.287250416008457e-9,3.053553313166577e-8,ENSG00000175161,CADM2
48967.69458464204,-2.6543710624845476,0.16676686494816378,-15.915913576419191,4.914438903842385e-57,3.826291509672461e-55,ENSG00000175538,KCNE3
74.21205003408512,-3.042773895414276,0.6311105317106539,-6.054434728734898,1.4091159489206988e-9,1.059983855024445e-8,ENSG00000175664,TEX26
2122.257606157484,-2.480204029338348,0.3401764092810042,-7.28539033043978,3.207402983884445e-13,3.367313033830102e-12,ENSG00000175894,TSPEAR
11013.137177661454,-2.6240445256916534,0.14363882326749688,-18.26748265343261,1.502224691802067e-74,1.888330839687377e-72,ENSG00000176769,TCERG1L
1396.6785912401256,-2.1383175980935087,0.39128219917509083,-5.458399193233703,4.8044651061190225e-8,3.02139113624067e-7,ENSG00000177098,SCN4B
64023.97382645755,-4.046728778834124,0.37690775923275927,-10.721525956321395,8.066143164770332e-27,1.9943720644785744e-25,ENSG00000177301,KCNA2
141.58560155909313,-5.166969977101881,0.60594862584865,-8.035852624572994,9.293038976353985e-16,1.1871875316029564e-14,ENSG00000177455,CD19
118.03247558070134,-4.41475122794978,0.6211673432480604,-7.368954741322647,1.7197102644849297e-13,1.846054036849631e-12,ENSG00000177910,SPATA31C2
7878.649938664065,-2.0904967421217706,0.23093647746368837,-9.051016814448008,1.416431351221487e-19,2.3289440899215398e-18,ENSG00000178233,TMEM151B
4607.105546213932,-2.843266179216549,0.29873367539436857,-9.512598247998406,1.859587511244318e-21,3.427177117813115e-20,ENSG00000178522,AMBN
23788.353790856592,-2.174089634928137,0.41764249312075336,-5.198144809329473,2.0128729931782401e-7,1.171857153214286e-6,ENSG00000178662,CSRNP3
56.00262723232752,-2.266935232290469,0.6204312294174914,-5.222945074295607,1.7609963704156486e-7,1.0327039612405444e-6,ENSG00000178722,C5orf64
7133.464306911312,-2.685177062901609,0.14829126444306398,-18.10625451757738,2.8445625451095025e-73,3.4569307328648102e-71,ENSG00000179869,ABCA13
622.420164088089,-3.0465056402033848,0.427754804595904,-7.10264947446969,1.2238754337311048e-12,1.2273786094549393e-11,ENSG00000180066,C10orf91
36076.022399435475,-2.248684634322586,0.21541384726191645,-10.437832625008387,1.6657026720775602e-25,3.8122482141905746e-24,ENSG00000180440,SERTM1
2457.7936895188454,-2.7321143036145608,0.3394444985297709,-8.041811344265941,8.852010227529469e-16,1.1330435477398194e-14,ENSG00000180828,BHLHE22
5011.691566016937,-2.290439423773308,0.3240541141758873,-7.064059868955436,1.6170702007143803e-12,1.606049155317473e-11,ENSG00000180884,ZNF792
4174.835160496674,-4.281236352873071,0.2924514501330662,-14.624252278474573,1.967201875041238e-48,1.1652486790037435e-46,ENSG00000181072,CHRM2
41027.96157017003,-2.2012383949912793,0.12065687661236882,-18.2435488092934,2.3283854802242704e-74,2.9157052245515635e-72,ENSG00000181449,SOX2
11017.003324513322,-2.7432796974069555,0.1614915297982728,-16.9859840170402,1.0428977753468547e-64,1.0252774726350243e-62,ENSG00000182050,MGAT4C
184.7430206674372,-4.660840183069485,0.6189971080868856,-7.857484172205981,3.919255123770188e-15,4.759102001790239e-14,ENSG00000182315,MBD3L3
1949.2071813188566,-2.8967534068938,0.35206424288882016,-8.218729209796757,2.0567084730062723e-16,2.7669786294929972e-15,ENSG00000182459,TEX19
17385.49470669409,-2.110861511350107,0.2532577272236663,-8.333282898775032,7.863097218632289e-17,1.0894541177889602e-15,ENSG00000182580,EPHB3
31004.55622049137,-3.519175407023234,0.20160347064511497,-17.453492949847366,3.238113417295668e-68,3.496525484761165e-66,ENSG00000182601,HS3ST4
561.5112849580055,-2.701253033056058,0.6061840430718703,-4.479081223174685,7.496500680155709e-6,3.531537024749651e-5,ENSG00000182782,HCAR2
2825.670350966975,-2.0829627204499532,0.2110753679475065,-9.867054885240254,5.783784972076456e-23,1.1629009418215261e-21,ENSG00000182836,PLCXD3
5375.458188249,-3.606033098906922,0.31709046366788607,-11.362465131325466,6.430408526788397e-30,1.838360021017787e-28,ENSG00000182853,VMO1
24653.318316217406,-3.3329266992324653,0.1017263440820979,-32.76255817204612,2.0114999676835515e-235,3.0112154516222767e-232,ENSG00000182968,SOX1
2669.3711121891847,-2.19527553842104,0.6271723340174282,-4.060732787527477,4.8918934482624394e-5,2.030366966919662e-4,ENSG00000183019,MCEMP1
27029.400839262882,-2.380901810200867,0.41467794812429715,-5.733066520789752,9.863092790869524e-9,6.733646309587415e-8,ENSG00000183091,NEB
27755.33948183201,-3.398130603150601,0.17906066278544008,-18.97577975010654,2.704686400044739e-80,3.994445825070558e-78,ENSG00000183250,LINC01547
339.2853995700638,-2.0374019456427104,0.6230740117530421,-3.287019710187817,0.0010125374648980712,0.0033300288465101936,ENSG00000183454,GRIN2A
1558.761284337204,-2.3530811911336045,0.37346645169173726,-6.293669407350699,3.1004778682597586e-10,2.501497748977631e-9,ENSG00000183508,FAM46C
8903.774198618534,-4.1279694196422545,0.3019262279039711,-13.661027163772266,1.735187535528492e-42,8.210727915961975e-41,ENSG00000183780,SLC35F3
45253.05443200945,-2.092525047112423,0.1555406594179919,-13.452864706657792,2.961718929329557e-41,1.3604079667857689e-39,ENSG00000183971,NPW
4361.800719132449,-3.5732529829952115,0.2455858551646743,-14.54368246310113,6.405221491396777e-48,3.740240507050735e-46,ENSG00000184368,MAP7D2
12607.516077145792,-2.9331105293902637,0.22945308415311944,-12.780546356639771,2.105849986389843e-37,8.276141223360751e-36,ENSG00000184486,POU3F2
1345.842152361613,-2.0187994232572253,0.41168556480021223,-4.896941876833436,9.733961410383434e-7,5.189870245905262e-6,ENSG00000184564,SLITRK6
47.07145551638602,-2.0871221631108208,0.6150877102799353,-4.938736747351137,7.863027600248258e-7,4.247350352412271e-6,ENSG00000184611,KCNH7
392526.0013883636,-2.42994881514224,0.31884111678384447,-7.617266613342823,2.591038065731144e-14,2.950665548298392e-13,ENSG00000184613,NELL2
1375.710484752383,-3.4372425086701104,0.3669736162142829,-9.350294051831916,8.740438660647778e-21,1.5509569334578335e-19,ENSG00000184731,FAM110C
2122.0591763874836,-3.7067767098822975,0.3437081309938541,-10.76933537955745,4.804568542259046e-27,1.2023834374677768e-25,ENSG00000185038,MROH2A
55824.331747943404,-2.392689147312383,0.1539424666389385,-15.542281585432647,1.7947816162132862e-54,1.2849856032253992e-52,ENSG00000185052,SLC24A3
1458.9919220833792,-2.888041846925626,0.3871744120292604,-7.447794616853197,9.491342350617927e-14,1.0409186446062299e-12,ENSG00000185133,INPP5J
1303.4054827548264,-2.638579620692093,0.44453799120807175,-5.92200952227755,3.180312038994241e-9,2.298955151278234e-8,ENSG00000185518,SV2B
51232.69193555367,-2.6500825874352114,0.21873881091906272,-12.113753307824897,8.931179808442256e-34,3.0799945111124317e-32,ENSG00000185668,POU3F1
1209.8501332543478,-2.4407408674064115,0.2687755833706227,-9.076842428475734,1.1177024962414313e-19,1.8544289174415767e-18,ENSG00000185686,PRAME
1874.924255877083,-3.1006994835730843,0.3503721422637225,-8.83900503904063,9.657476464747152e-19,1.5045379843423968e-17,ENSG00000186479,RGS7BP
15871.523847615088,-2.8649597055570992,0.1913941752022645,-14.96738561860289,1.1994445130002397e-50,7.791421221134101e-49,ENSG00000186868,MAPT
3591.0729586455786,-2.5796282736140093,0.22242246177928704,-11.595501708232186,4.343130616317677e-31,1.3207448173389323e-29,ENSG00000186907,RTN4RL2
13538.657180604248,-4.234527383039458,0.5353497893366345,-7.913001516537801,2.512562959183001e-15,3.100365249072048e-14,ENSG00000187094,CCK
152.35104151634866,-4.820995534632525,0.6148834882426907,-7.8288440048520025,4.923761050687715e-15,5.929036433029221e-14,ENSG00000187730,GABRD
1057.2230162622056,-2.4581694403145913,0.3975787543969177,-6.173852743910813,6.664561781106825e-10,5.195045626011176e-9,ENSG00000187754,SSX7
18111.633537189755,-3.4183634239838203,0.401103506698866,-8.508481504359894,1.7622600382044804e-17,2.525599308016813e-16,ENSG00000187772,LIN28B
459.3228420247873,-2.8799408349607,0.4397123515987894,-6.530955455285085,6.535143507769804e-11,5.666888264478428e-10,ENSG00000187808,SOWAHD
7773.703855618601,-2.5067350856592614,0.46939333988776566,-5.327196037505712,9.974049723752243e-8,6.043888750727807e-7,ENSG00000187867,PALM3
386.22097360582103,-2.1949373378989794,0.6183563911548192,-3.565232721887374,3.635334699226917e-4,0.0013036379898120566,ENSG00000187902,SHISA7
2859.412443335318,-3.2570691195139,0.3230518622704072,-10.072961449858049,7.275380235576953e-24,1.5408834255851537e-22,ENSG00000188039,NWD1
791.7641221096543,-3.2487386222414307,0.4745438608645177,-6.822038725385271,8.975746108499469e-12,8.402706717945468e-11,ENSG00000188536,HBA2
43105.90346037806,-3.1891049761201584,0.21586972096138368,-14.771087136954657,2.2505328303576408e-49,1.3828180640857938e-47,ENSG00000188778,ADRB3
54423.8639039997,-3.881194264967435,0.23450040033166705,-16.546827552586404,1.6876454397919865e-61,1.5227647921673777e-59,ENSG00000188992,LIPI
121.14444472774842,-4.4548076612263845,0.6205940675845913,-7.415059085467385,1.2157059579159582e-13,1.3205164913589766e-12,ENSG00000189108,IL1RAPL2
6107.917365472804,-2.402109591840717,0.19782226186415586,-12.141489908394123,6.365625751661838e-34,2.2067949316340103e-32,ENSG00000196092,PAX5
171.7102268430524,-5.19654586779278,0.6072648362283888,-8.174912465499617,2.960807515382415e-16,3.925573056022723e-15,ENSG00000196341,OR8D1
4324.781847280082,-2.297492833312342,0.23671505584675795,-9.703864003762932,2.9029189648279077e-22,5.6073157294804876e-21,ENSG00000196353,CPNE4
68.04610329591203,-2.712146665523297,0.6286416732886353,-5.735485743693751,9.723327118268023e-9,6.640979994048924e-8,ENSG00000196589,CTB-25J19.1
255847.5893346096,-2.254343050270809,0.10384994489061444,-21.70756963172496,1.740194024460891e-104,4.548535714412301e-102,ENSG00000196730,DAPK1
2556.2541140965145,-4.843850632129448,0.3674355529145631,-13.148017768487078,1.746942868923858e-39,7.471924213654331e-38,ENSG00000197177,ADGRA1
17990.640875885954,-4.1174162404769525,0.27751727097500994,-14.828574544744264,9.57445423804954e-50,5.994773305625923e-48,ENSG00000197253,TPSB2
496.0922329721306,-3.0933436437416484,0.40665730654421484,-7.587435105098985,3.262999411094812e-14,3.679001116227201e-13,ENSG00000197410,DCHS2
114445.69282375477,-2.9572010827828,0.14702904506991293,-20.112419298299788,5.745215760370009e-90,1.0172738486668058e-87,ENSG00000197872,FAM49A
265.98986232208466,-2.2781521326746894,0.49992109672215024,-4.540161573424942,5.62111360369655e-6,2.6954827522443534e-5,ENSG00000197934,CYYR1-AS1
3389.55502168017,-2.6610733388306245,0.33327872028325006,-7.978405726829613,1.4823544172786588e-15,1.861932127332393e-14,ENSG00000197991,RP11-310K10.1
1791.1870124450377,-2.7029792508108494,0.31783300847997814,-8.498354292301501,1.9229743005099478e-17,2.7511396877929896e-16,ENSG00000198074,AKR1B10
8919.704107131394,-2.5978110595966064,0.3002021241943441,-8.649540188951375,5.1707344874692194e-18,7.702079132081016e-17,ENSG00000198157,HMGN5
402122.23801328667,-3.0496094343184126,0.1434292975860216,-21.261547099703094,2.5777714428803153e-100,6.021015936157469e-98,ENSG00000198300,PEG3
4508.164937371953,-2.840590769840675,0.20887474483189422,-13.596956964216801,4.174436851055563e-42,1.9528537393844304e-40,ENSG00000198435,NRARP
5665.824335814308,-2.6844840045249168,0.2713808578723466,-9.888536259985568,4.6680312836385634e-23,9.437504131083638e-22,ENSG00000198626,RYR2
2820.8907319780888,-2.781292793200444,0.31398042184005226,-8.852240463451855,8.577963637388094e-19,1.3395289446834496e-17,ENSG00000198673,FAM19A2
349.85338623066946,-7.12746440787501,0.5526808617471253,-10.106519716318411,5.168788037232737e-24,1.1053822416767725e-22,ENSG00000198765,SYCP1
570.5794771006064,-2.9094637719273795,0.41638458389107236,-6.97049967721371,3.1581724735708337e-12,3.06005449380941e-11,ENSG00000198821,CD247
489013.68681425066,-2.1805767662806663,0.11668208688459357,-18.68803326128649,6.195515976192841e-78,8.501796798330626e-76,ENSG00000198848,CES1
779.4987529874112,-2.210751214268526,0.3089481171316454,-7.1513384991890865,8.59357849316049e-13,8.7379102838452475e-12,ENSG00000198914,POU3F3
115073.9810681361,-2.419864708135258,0.19133573453118571,-12.646375924122546,1.1715544445730917e-36,4.4709124075979377e-35,ENSG00000198924,DCLRE1A
74.3405435363794,-3.088676966121213,0.631258502008502,-6.089941453683947,1.1295198661803482e-9,8.589149682009602e-9,ENSG00000199666,U3
807.6415040525247,-3.844927569708879,0.4394044346020137,-8.718029486346596,2.830852432008346e-18,4.2845263784817496e-17,ENSG00000204091,TDRG1
942.3430313202479,-2.3232189818255864,0.3539820652184454,-6.556740837798177,5.499646842588875e-11,4.805661159825471e-10,ENSG00000204092,LINC00951
1951.5189852616352,-2.64481495361252,0.2039655721292347,-12.963818303990022,1.9623116404786284e-38,8.028170381058776e-37,ENSG00000204228,HSD17B8
4563.434124767192,-2.3709840107794125,0.5705722450398748,-4.141555567183214,3.4495827542358804e-5,1.4659168829419934e-4,ENSG00000204347,BTBD17
12271.648490220163,-3.738440874727458,0.20122344527837452,-18.574804287638067,5.139212944243931e-77,6.908360779825698e-75,ENSG00000204379,XAGE1A
12109.524260973414,-3.612098118809913,0.25920686745556404,-13.929858179157458,4.1718304831749795e-44,2.1105232739306417e-42,ENSG00000204382,XAGE1B
5980.372253560499,-3.256067730451585,0.25759129199784986,-12.635557612754491,1.3443771083666445e-36,5.118579848201974e-35,ENSG00000204950,LRRC10B
1174.2481111929408,-2.1786261681987558,0.6285052512315067,-3.9000755425554203,9.616267857217002e-5,3.814310075991626e-4,ENSG00000205592,MUC19
60.57222236387421,-2.6321258836980315,0.6277069060715721,-5.585782506635714,2.3265025163346692e-8,1.5187519102669176e-7,ENSG00000205718,MBD3L4
329.1177830969836,-2.094463027997437,0.45218065122958134,-4.621410858235805,3.8113909944824193e-6,1.872379937534069e-5,ENSG00000205835,GMNC
1288.7348238147215,-2.3827765473179445,0.23592353891781007,-10.096582677075414,5.720081565870916e-24,1.2201111806372585e-22,ENSG00000206028,CTA-373H7.7
291.6335156630326,-2.589898988005691,0.4539729671241261,-5.686980318218473,1.2930535228822036e-8,8.692677020331188e-8,ENSG00000206557,TRIM71
435.41358308849146,-2.14472040094131,0.464204025382275,-4.60867732391419,4.052386760995408e-6,1.9836698214420743e-5,ENSG00000207148,Y_RNA
307.77716851557193,-2.313942911141028,0.617990633547672,-3.7663085096304902,1.656790476398502e-4,6.296415595396753e-4,ENSG00000211689,TRGC1
517.0586187142553,-2.2414395559739844,0.6226752378436019,-3.63393499711081,2.791312143840362e-4,0.0010218883297603211,ENSG00000211776,TRAV2
3764.956973222497,-3.7387928528933063,0.2538877047440458,-14.717689867933933,4.963276168360124e-49,2.9937827349592e-47,ENSG00000211777,TRAV3
335.864572375046,-2.4135234374264427,0.6146161083831614,-3.9480706247218795,7.878356516506039e-5,3.159208492811517e-4,ENSG00000211779,TRAV5
1012.85748800634,-2.7363168332966943,0.6312407643414317,-4.783149072988108,1.7257004385087423e-6,8.894467629703765e-6,ENSG00000211780,TRAV6
59.571984949273876,-2.488274483373958,0.6253740769975916,-5.4565299332232184,4.855294585482574e-8,3.051608241951967e-7,ENSG00000211795,TRAV8-6
3828.9655183118557,-2.9683636298593084,0.5654608382346795,-5.241117881282454,1.5960670783539787e-7,9.403376235869397e-7,ENSG00000211892,IGHG4
1019.769041846659,-3.010541049687504,0.46993851494723915,-6.386304791082887,1.6994212573800606e-10,1.4073105277987157e-9,ENSG00000211896,IGHG1
184.5466671496312,-5.954302485308363,0.584907966000546,-8.810223979956149,1.2489605572326842e-18,1.9311392953944235e-17,ENSG00000211965,IGHV3-49
10060.67424762969,-4.511036318622034,0.28135446862530383,-16.021528119692576,9.040102781594967e-58,7.296829701181308e-56,ENSG00000212766,EWSAT1
61637.464167392056,-2.6465018206421966,0.16109060665142494,-16.427996423220147,1.2057748116872307e-60,1.0589596706161935e-58,ENSG00000213390,ARHGAP19
246197.3389624627,-2.3930253658005936,0.19927853884562688,-12.00753402908669,3.243737788218559e-33,1.0878743413155807e-31,ENSG00000213626,LBH
219.96946030145276,-2.072265433429204,0.5588698625417008,-3.6908426058502406,2.2351241571311994e-4,8.30711928296384e-4,ENSG00000214534,ZNF705E
430.0231388999233,-7.725648057405375,0.5297030721671407,-10.746470041080599,6.1573133678156616e-27,1.5292983292280618e-25,ENSG00000214553,LRRC37A11P
2640.44287363359,-2.50325776084058,0.22670914298747405,-11.039240345340936,2.471134615885648e-28,6.510747795166235e-27,ENSG00000214688,C10orf105
1182.2444064149743,-3.0071517994572257,0.3814981590224853,-7.86943505133049,3.562462993176439e-15,4.343804376796477e-14,ENSG00000215196,AC091878.1
1261.3113290156152,-2.2100226833597056,0.3650044763454483,-6.048844475211152,1.4588840665907736e-9,1.0947115025996934e-8,ENSG00000215246,RP11-43F13.3
11196.456075003654,-2.104369077093636,0.17313358022719996,-12.153973401073136,5.46438869678342e-34,1.9003609011601392e-32,ENSG00000218803,GSTM2P1
746.7537265466009,-2.4802333541072774,0.3271533732875004,-7.574336527769125,3.609676009025663e-14,4.0615329580201975e-13,ENSG00000221977,OR4E2
297.3311303506867,-2.243827918896241,0.6308619247104246,-3.8528775548191314,1.1673777545468856e-4,4.5633731713052975e-4,ENSG00000223536,AC008069.1
1792.368417203423,-2.7873544251780653,0.29405023144724207,-9.473211444784576,2.713696150230451e-21,4.9596486687952095e-20,ENSG00000223865,HLA-DPB1
300.201730605123,-2.3105015586676623,0.618477908182131,-3.7604585247609745,1.69602194185021e-4,6.431408938732851e-4,ENSG00000224243,LINC00403
81.39119143363224,-3.3958684643272297,0.6311714478143214,-6.382077619220707,1.7470136859751365e-10,1.4423702364979982e-9,ENSG00000224717,RP11-576D8.4
28653.993753642746,-4.033993298860695,0.22755911187298014,-17.722713277564466,2.80071948076581e-70,3.1588662801212735e-68,ENSG00000224940,PRRT4
77.03951981786929,-3.0715973259106013,0.6311976332939615,-6.103726276681022,1.036236904883948e-9,7.912688668084382e-9,ENSG00000225055,RP11-344N17.9
3535.093346990337,-3.3939141512178352,0.2886692945566548,-11.749380202258058,7.113870196650718e-32,2.2441398568629763e-30,ENSG00000225508,SSXP5
277.7727378186805,-2.0540027789996906,0.4514415816844622,-4.539455907846774,5.639957217616189e-6,2.7033379567016672e-5,ENSG00000225509,AIFM1P1
50.86234535599241,-2.275798561820889,0.620778730139956,-5.161691915945403,2.4472781880206605e-7,1.4095603330582797e-6,ENSG00000225510,PCDH8P1
5336.794148083843,-2.2342305988490123,0.24855582068860238,-8.986981958183037,2.541123257559503e-19,4.114520814378794e-18,ENSG00000225783,MIAT
247.9266364100149,-2.5276951070038205,0.484948031249988,-5.192617480831739,2.0735794078030614e-7,1.2065594384555835e-6,ENSG00000226125,AC098823.3
3494.165102629702,-3.645866686833344,0.31735867782933325,-11.477026706720366,1.720973794188161e-30,5.069637829856252e-29,ENSG00000226867,RP13-77O11.8
56.511997785274296,-2.1750452369297317,0.6177719725967802,-5.147658025733996,2.63758779056834e-7,1.5117702104869076e-6,ENSG00000227016,RP11-262K1.1
6130.303643590275,-2.8464756700333274,0.22921724305227653,-12.415641105481466,2.149580143315247e-35,7.839897280171023e-34,ENSG00000227039,ITGB2-AS1
2402.521427264214,-2.2615159217609784,0.21767662817284977,-10.387506663832852,2.826452871886978e-25,6.402090707202596e-24,ENSG00000227288,RP5-837I24.1
8806.718360463236,-3.8378990548803418,0.26757660625500523,-14.335881991973645,1.3057702635423333e-46,7.227603001597177e-45,ENSG00000227579,RP1-35C21.2
1074.4355688306712,-2.4273445432293266,0.35068303568307185,-6.915041508101728,4.677264010860905e-12,4.472735567180402e-11,ENSG00000227674,LINC00355
2354.9447460400934,-2.2896519952058925,0.26887336690274605,-8.512949137591498,1.6956446378582255e-17,2.435427845757645e-16,ENSG00000227693,GSTM3P1
63.18985104254776,-2.7210899491345213,0.628806318268533,-5.68806837482017,1.2848438136034903e-8,8.641014122364171e-8,ENSG00000227874,GRAMD4P1
10132.714774057937,-2.8544869033187665,0.12433826493196819,-22.95626772380119,1.275688303677838e-116,4.201351859332591e-114,ENSG00000227932,RP13-16H11.9
53.55801448082131,-2.0934630538625307,0.6151600185194949,-5.035121297216179,4.775463442287145e-7,2.653088950881998e-6,ENSG00000228262,LINC01320
6571.647431976823,-2.5888940942732783,0.2749886759794564,-9.41141557769131,4.894993478678596e-21,8.819021620722148e-20,ENSG00000228354,RP11-552J9.9
110024.08010912906,-2.195078266431065,0.13847935189643443,-15.851027359032477,1.3830126463212159e-56,1.0642088433164234e-54,ENSG00000228695,CES1P1
4204.0620619365955,-4.6962209365552114,0.24971937140374245,-18.788192784840323,9.433764306137184e-79,1.3567318500363406e-76,ENSG00000228705,LINC00659
52.21209743128165,-2.1438346388823044,0.6168728140523276,-5.063515246932406,4.1159544729217275e-7,2.304178898711613e-6,ENSG00000228962,HCG23
84.98324043122308,-3.4792011703117383,0.6308753783824412,-6.474015319696299,9.543221965911297e-11,8.125555124749808e-10,ENSG00000228966,HOMER2P1
82657.71161838427,-4.188560909684658,0.21988600598822136,-19.04487308336135,7.246144745603778e-81,1.0847478684168854e-78,ENSG00000230316,FEZF1-AS1
157.29100755416076,-5.376230774643291,0.6013692952410034,-8.257608492297116,1.486200970951367e-16,2.015090274899643e-15,ENSG00000230403,LINC01066
73.33183055495549,-2.569615369387263,0.6265947887757547,-5.67645635992552,1.3751361593852728e-8,9.212517142635185e-8,ENSG00000230522,MBD3L2
1978.2459566632429,-2.8727543510471687,0.43769179123738383,-6.548948804088382,5.7943489488459374e-11,5.052451370963519e-10,ENSG00000231817,LINC01198
435.5107651838942,-2.90823828583366,0.39276184119907376,-7.387800285664584,1.4927772961299036e-13,1.6092676749833794e-12,ENSG00000231870,KRT17P3
171.72859812188548,-5.093594975215528,0.6097697047753483,-8.101048303742957,5.448760924592215e-16,7.081668993311761e-15,ENSG00000232243,RP11-408E5.5
4086.931231668359,-3.978846513549899,0.514364470121903,-7.7184258264236645,1.1777516523177696e-14,1.3735153299374443e-13,ENSG00000232258,TMEM114
894.4190250696804,-2.509603951203131,0.46055004135010635,-5.435112192327123,5.4761964968795375e-8,3.422259116285212e-7,ENSG00000232599,RP1-161N10.1
2832.7076625981535,-2.370352470865352,0.23512949144811077,-10.078918034849035,6.847597273023036e-24,1.4521491860253746e-22,ENSG00000232675,RP4-718D20.3
43.94531705397224,-2.058184298407018,0.6141406348709632,-4.863953140859662,1.1506416547239148e-6,6.067120117943869e-6,ENSG00000233896,RP4-684O24.5
586.3567112467991,-2.2885744406105855,0.32296805453165167,-7.080246179123029,1.438986011392982e-12,1.4348036723952911e-11,ENSG00000233967,RP11-250B2.3
813.9781996317644,-2.1971922792521688,0.6305039234504015,-3.7847707183176906,1.5385035283345286e-4,5.880129418842911e-4,ENSG00000234056,LINC00463
15533.32356494759,-4.065854499144868,0.24056335350418623,-16.895442829252715,4.860510464767915e-64,4.626475481117529e-62,ENSG00000234224,TMEM229A
1220.20472973777,-3.934359769358278,0.4046764841421576,-9.695737058261457,3.1435962148748545e-22,6.043852757775158e-21,ENSG00000234391,RP11-344N17.6
221.64657180246348,-2.465696411278758,0.631025435283972,-4.351222349641379,1.3538067708527194e-5,6.148134609937047e-5,ENSG00000234780,RP11-552E4.2
45.20301920586034,-2.0958857694730013,0.615444209795326,-4.91833408399163,8.728385342730954e-7,4.685585050978016e-6,ENSG00000235415,AC005808.3
387.9865879525851,-2.882616252942177,0.4486622989050888,-6.404767254805812,1.505989378995603e-10,1.255969972343408e-9,ENSG00000235688,AC116614.1
1569.4356268673898,-2.5973283990736427,0.23753821934344094,-10.930678669390169,8.223109724420519e-28,2.1190915153682735e-26,ENSG00000236341,RP5-1103B4.3
414.43018069585315,-2.924267572836645,0.41646610533701783,-7.00311964257594,2.503248852621365e-12,2.4427258581402085e-11,ENSG00000236714,AC005592.1
309.33485460577,-2.4270709786923788,0.4388312538807193,-5.517340962494266,3.441672983308188e-8,2.1992250297297605e-7,ENSG00000236717,RP11-100G15.10
131.42281219956305,-4.842940527186669,0.6132869529321985,-7.747610526015148,9.363782112575208e-15,1.1033516998051946e-13,ENSG00000236858,CTA-992D9.6
80.12196373725669,-3.354007420093889,0.6312822810099754,-6.340265285665265,2.2936986393591075e-10,1.870281529800764e-9,ENSG00000236920,RP11-111D3.2
129.88616253364253,-4.401069285404492,0.6218355006749009,-7.426436799701305,1.1156216403907943e-13,1.2154112836463918e-12,ENSG00000237247,MBD3L5
80.96043989173768,-3.1853159668668845,0.6311493490131422,-5.478080592694384,4.2996430290439393e-8,2.721592225995255e-7,ENSG00000237345,RP11-344N17.11
1324.5907894149843,-2.8287823838954003,0.30935213704354536,-9.136871271532529,6.428522707708818e-20,1.0868427456657197e-18,ENSG00000237636,ANKRD26P3
2135.316722274899,-2.430517124891898,0.40599991950597286,-5.977556760199337,2.2650901836733797e-9,1.661806195346382e-8,ENSG00000237732,AC010980.2
64.16638249133543,-2.5062380356971827,0.6256301752302558,-5.525957969916182,3.27692580157685e-8,2.1037480379947753e-7,ENSG00000238099,LINC01625
298.10189184301595,-7.1639528118209155,0.5447584741527421,-10.099175469928143,5.5708597515891596e-24,1.1905950360729227e-22,ENSG00000238185,RP11-252M21.6
1702.6082431812113,-3.057488619745284,0.23653691256504555,-12.920128865146122,3.4656055905923576e-38,1.4021652889504754e-36,ENSG00000240954,RPL4P1
386.39765956038707,-2.2570666037891427,0.4925494418800387,-4.567807223522595,4.92852988149915e-6,2.3841980481388514e-5,ENSG00000241476,SSX2
920.5595908348163,-2.0597036035013914,0.48977212846714596,-4.193680340215764,2.7446468414128785e-5,1.1856269553396084e-4,ENSG00000242220,TCP10L
1271.0122769814045,-2.5562212071004153,0.45684689747307006,-5.581690876724842,2.3819145133603357e-8,1.5533855957031544e-7,ENSG00000242574,HLA-DMB
648.415289913211,-3.3966307788175882,0.47732555931415066,-7.088138663199589,1.3592774329807316e-12,1.3577932356016809e-11,ENSG00000242593,RP5-921G16.1
50.30830507414898,-2.1775348344990872,0.617979219403772,-5.06731275490757,4.034710659956399e-7,2.2610032478305946e-6,ENSG00000245164,LINC00861
347.27939336132357,-2.0746465391684414,0.4778370573706697,-4.329498943303453,1.4944898759751699e-5,6.738708868478401e-5,ENSG00000245857,GS1-24F4.2
3342.616761555975,-3.049027763176247,0.26495866332831175,-11.502502249901047,1.28145665824629e-30,3.795278199881593e-29,ENSG00000246022,ALDH1L1-AS2
65.39948392759358,-2.6158733872627424,0.6274033977474716,-5.6290966483906955,1.811558746671731e-8,1.1951497548655207e-7,ENSG00000248173,RP11-659O3.1
128.54077075279858,-2.151718530819618,0.5219718420909102,-4.104142104951325,4.0581797221700266e-5,1.7047460582901485e-4,ENSG00000248174,RP11-148L24.1
6795.382306756915,-4.269007573742679,0.47516569767776184,-8.961231348148898,3.210726282457826e-19,5.165708812235761e-18,ENSG00000248329,APELA
727.25584742835,-2.795920112501073,0.36731129048197025,-7.600355773388613,2.953177286051859e-14,3.3491715130451767e-13,ENSG00000248550,OTX2-AS1
79.23399135612068,-3.4609081090096208,0.6309101198524572,-6.409151062239368,1.4633214977997708e-10,1.2215456080697762e-9,ENSG00000248771,LINC01207
81.024166436558815,-2.9490866640793816,0.6306176156772292,-6.049952777434534,1.4488829799424467e-9,1.0874546960215256e-8,ENSG00000249662,RP11-321E2.4
129.5594804784743,-3.861068893698058,0.6286849594535409,-7.05774883705226,1.6922156002973718e-12,1.674119212381906e-11,ENSG00000249878,CTD-2244C20.1
3519.148671396552,-3.851076859228538,0.25230184134090655,-15.254278426676336,1.5419009237794715e-52,1.0645904617139019e-50,ENSG00000249906,RP5-1029K10.2
399.4343993314264,-2.61087375699177,0.6099288495892289,-4.305934188150618,1.6628249147901926e-5,7.440689639089701e-5,ENSG00000249923,XXbac-B444P24.8
1290.884480355873,-2.9153172460290224,0.24467802361237784,-11.908544845071091,1.068252286021708e-32,3.490259998793545e-31,ENSG00000250387,RP11-136K7.2
1610.0381685419252,-2.222157938202189,0.30830998330497533,-7.20391293923751,5.850873169512637e-13,6.0141278703099e-12,ENSG00000250770,RP5-1063M23.3
1952.0817127408961,-2.19869768244563,0.2742311189411535,-8.014932738799294,1.1019730432861112e-15,1.4001689894901539e-14,ENSG00000250934,RP11-71E19.1
835.482751402116,-3.4011802681707373,0.3385954238251815,-10.02818259586618,1.1460661089357965e-23,2.3858749198287942e-22,ENSG00000251002,AE000661.37
300.2561267819459,-2.171185543149433,0.5514016227652484,-3.9214134454859213,8.803106968270557e-5,3.506973810245827e-4,ENSG00000251448,RP11-71E19.2
138275.1365464028,-4.143953328853634,0.18558561471574586,-22.32672551876813,2.0328772251789955e-110,5.924847657880092e-108,ENSG00000251460,RP11-1258F18.1
4566.822899285973,-2.1479711659127467,0.24140487465767782,-8.896165387890779,5.780941206930749e-19,9.109546301868771e-18,ENSG00000251468,RP11-369K16.1
24140.13800191453,-2.6568241496112974,0.13182737314289952,-20.153236828169916,2.5208033141531587e-90,4.5867478645480734e-88,ENSG00000253304,TMEM200B
168.22436646228084,-2.0627563116868686,0.6274140481020662,-3.3258328138798237,8.815478754108111e-4,0.0029346909662164816,ENSG00000253364,RP11-731F5.2
51.19883825940316,-2.2247351607523003,0.6193603958083936,-5.121838625674264,3.0257078468065813e-7,1.724920585541422e-6,ENSG00000253657,RP11-25P11.2
51.70631846641176,-2.34076269708327,0.6223983538510615,-5.229568005235027,1.699065938325336e-7,9.979853328483435e-7,ENSG00000253665,RP11-359E19.2
1775.8465387497836,-2.9899152401678393,0.44166057119828356,-6.753441503999295,1.4437873123601711e-11,1.327832765855065e-10,ENSG00000253696,KBTBD11-OT1
318.33787630465343,-2.2516622526073893,0.6310292413420843,-3.8468585896812875,1.1964197568196656e-4,4.6658245436469946e-4,ENSG00000253755,IGHGP
431.69338396035585,-2.507520069856874,0.610712155735037,-4.125616417171203,3.697430879804961e-5,1.5633738425407188e-4,ENSG00000253880,RP11-124B13.1
3641.937310979644,-2.7869510039703833,0.34320144037772393,-8.113379963564118,4.923082511335907e-16,6.42380346388022e-15,ENSG00000253888,RP11-521M14.1
16573.525656067242,-2.9320277278194835,0.1627724512707529,-18.011854155714047,1.5727115232998993e-72,1.8766551198680754e-70,ENSG00000254010,RP11-103H7.5
302.2636842326378,-2.6540110676230935,0.5136740418837076,-5.1460642660315035,2.660083238764299e-7,1.5236031545297985e-6,ENSG00000254102,RP11-21C4.1
428.5887649641173,-2.1171241213220844,0.44912950136238183,-4.703252500514731,2.5604943618362257e-6,1.2901976945029722e-5,ENSG00000254286,RP11-89K10.1
439.16568163121707,-2.097350421592295,0.37096061640325273,-5.647240641053201,1.6304353830643086e-8,1.0821595910084632e-7,ENSG00000254335,CDH12P1
11802.457456646553,-2.759418943347983,0.18088962854547885,-15.25337035311612,1.5634996057730947e-52,1.0772446865383075e-50,ENSG00000254928,RP11-702H23.6
94.29473884823001,-3.5108747857431606,0.6307972538753165,-6.573962070515517,4.899371703637513e-11,4.300530588688642e-10,ENSG00000255226,CTD-2210P24.3
1138.2951080128214,-2.3413322054853354,0.3395247053396509,-6.890172517449017,5.572476728775577e-12,5.2888745990056156e-11,ENSG00000255301,RP11-624G17.3
66.89395205184776,-2.9845288200936646,0.6309037302354621,-5.933519895614304,2.9650805013389924e-9,2.151398132432218e-8,ENSG00000255569,TRAV1-1
2880.9864867376336,-2.698316539742749,0.3691444684345247,-7.3013851929699944,2.8482005120238424e-13,3.000724109500743e-12,ENSG00000255571,MIR9-3HG
17334.076836072316,-3.039449194709956,0.15463290019832399,-19.654697274650637,5.2702391302482935e-86,8.550249040177207e-84,ENSG00000256553,TRAV1-2
80.778082297201,-3.415149735412117,0.6311035778972252,-6.3904218919401075,1.6542868962829013e-10,1.371548775396419e-9,ENSG00000256725,RP11-662M24.2
57.799885676600894,-2.388713514933044,0.6233775939455726,-5.350864538450942,8.753502979219751e-8,5.329781237153324e-7,ENSG00000256870,SLC5A8
487.0757074736656,-3.05410984329941,0.5070251084340283,-5.998575992915249,1.9905536195370195e-9,1.4705449283497577e-8,ENSG00000256925,ADGRA1-AS1
5834.7550687386865,-2.2336351969555914,0.3078039789633786,-7.253411044373888,4.0640432994153304e-13,4.235607658953939e-12,ENSG00000257096,AE000658.22
599.4210902430069,-2.9321721046092,0.6053083956547005,-4.883569726765598,1.0418228488145147e-6,5.531419265332456e-6,ENSG00000257125,KRT127P
124.66444255578305,-4.7661569748401655,0.6145842744528672,-7.65768639016283,1.893124801817995e-14,2.1739251123805387e-13,ENSG00000257180,RP11-509E10.1
47.118806157993745,-2.1112451305691975,0.6159178083563263,-4.961385891115777,6.999198357208119e-7,3.803821760664888e-6,ENSG00000257402,KRT126P
4247.6828899458405,-2.6335786029700317,0.2146563899764822,-12.266644947448803,1.3680550118689555e-34,4.8446799742894816e-33,ENSG00000257824,RP11-1049A21.2
17217.582028150406,-2.387548301642765,0.16117980543720564,-14.812290389829606,1.2201095373512121e-49,7.581714623231098e-48,ENSG00000258197,NKX2-2-AS1
115.22242339338146,-3.4399968601126623,0.6311681470413888,-6.677820401049933,2.4252198334319898e-11,2.1805129673559692e-10,ENSG00000258343,RP11-536G4.2
82158.509125071,-3.3140475915266503,0.17939561792708048,-18.472036101089234,3.467553502885263e-76,4.604855123549325e-74,ENSG00000259001,RPPH1
139.39408846581242,-5.138077934169186,0.6065481413855391,-8.004614870083163,1.1984114172251035e-15,1.5180185236496753e-14,ENSG00000259110,RP11-359N5.1
2196.0777425703595,-4.167010788682874,0.4589944980046245,-9.049162587696443,1.4406892665437923e-19,2.366466848097419e-18,ENSG00000259222,RP11-809H16.5
2060.3003023039573,-2.2678028333731772,0.3347197243739167,-6.770500656359015,1.283375020853868e-11,1.1849361630726463e-10,ENSG00000259485,CTD-2147F2.1
54.61360456863759,-2.4432601670775522,0.6245944066733495,-5.355616913052295,8.526499193831267e-8,5.198291826168807e-7,ENSG00000259512,HNRNPA1P5
68.44657392760999,-2.6103496002980604,0.6272822315752608,-5.658321974014128,1.5286016430980667e-8,1.0195011444672283e-7,ENSG00000260182,RP11-616M22.5
4916.096123183536,-2.1453262003771556,0.26394499679495964,-8.125939587920788,4.439101018750607e-16,5.817642377697274e-15,ENSG00000260428,SCX
65.35187605000061,-2.5220637819601563,0.625895878937842,-5.552215225108636,2.8207199930877095e-8,1.8251000442505034e-7,ENSG00000260592,CTA-363E6.6
596.0207740980281,-2.0348698688305245,0.33621649492908823,-6.047511407668269,1.4710025473504493e-9,1.1030509538806853e-8,ENSG00000260645,RP11-250B2.5
39.90999248930744,-2.1847804096463412,0.6292673381856806,-3.7675244617020134,1.648743895285158e-4,6.267282023005701e-4,ENSG00000260741,CTC-391G2.1
17330.87106476545,-2.342656426736189,0.16773812111688516,-13.965479212531477,2.5319663917740145e-44,1.2928338162276804e-42,ENSG00000260765,CES1P2
1682.0055491123092,-2.5448212057605053,0.33468863049915054,-7.597599901853747,3.016733168465036e-14,3.413035229571139e-13,ENSG00000262877,RP11-1055B8.4
8152.229831260615,-2.7671159640792524,0.26011726341104424,-10.634781474172286,2.0530946455515537e-26,4.975468657586084e-25,ENSG00000262880,RP11-104H15.7
121.92946219301658,-4.720121233730629,0.6154259204657758,-7.609814261365484,2.7449010443366278e-14,3.118336357163936e-13,ENSG00000263154,RP11-1055B8.2
1082.4928779112006,-2.0749595728033507,0.3675218359787175,-5.640480948585968,1.695758317557586e-8,1.1227127798263253e-7,ENSG00000264272,CTD-2514K5.4
419.1907701846285,-2.4825304429571258,0.42611057387727896,-5.812598114876707,6.151060953969371e-9,4.3092755043188104e-8,ENSG00000264589,MAPT-AS1
51.578805841916946,-2.1286276255151053,0.6163913174200173,-5.040842104569334,4.63487768462337e-7,2.5784638794828726e-6,ENSG00000264812,RP13-20L14.4
861.2164883750878,-2.101669210821135,0.40276830637944083,-5.211146271268603,1.8767740363916804e-7,1.096499487573596e-6,ENSG00000265579,RP11-713C5.1
1865.9405270737448,-3.873383453250675,0.32594324796893204,-11.866437947134846,1.7683784538237394e-32,5.709781960610886e-31,ENSG00000266524,GDF10
2411.242041847957,-2.345527236844346,0.2620030516322117,-8.949457884518205,3.5723240092571196e-19,5.7306828505053084e-18,ENSG00000267034,RP11-384O8.1
2737.7412789632535,-3.1520710417269795,0.2946855080314766,-10.689158851841023,1.1440380413877906e-26,2.8096755298333703e-25,ENSG00000267110,CTD-2587H24.4
46.88465773807326,-2.0656532889643837,0.6143303184054557,-4.915921189762636,8.836594367828461e-7,4.739039226674198e-6,ENSG00000267448,AC010649.1
1517.712138589539,-2.45234446410699,0.3376229838487435,-7.25765506405593,3.9385836082372194e-13,4.107451315822818e-12,ENSG00000267577,CTD-2587H24.5
4165.993582922843,-2.380005540778868,0.25886438087640495,-9.191528983970498,3.872965593286869e-20,6.61921374412609e-19,ENSG00000267751,AC009005.2
942.5736243243223,-2.1308929060499966,0.49161034251567326,-4.321968294332204,1.5464341513533893e-5,6.961490205121996e-5,ENSG00000268654,MIMT1
70.42228032690652,-3.0784346385184116,0.6312458328818088,-6.042053960177649,1.5216455427934065e-9,1.1397287765830805e-8,ENSG00000269516,CYP4F23P
37422.26696246434,-3.0583188366679894,0.18456453396848704,-16.569089897724073,1.165768420549026e-61,1.0576698942799345e-59,ENSG00000269699,ZIM2
446.0012391846402,-2.536881603372066,0.37719288201100865,-6.714745813533238,1.883943366162663e-11,1.7144457259243198e-10,ENSG00000269791,SSX4B
16808.711937371823,-2.6825627122310927,0.16812297523258535,-15.95497505515246,2.6307876038699726e-57,2.0777544111715512e-55,ENSG00000269891,ARHGAP19-SLIT1
143.7132684165379,-5.1370737749201085,0.6069162423958973,-8.021792165370716,1.04213361569815e-15,1.326295730533968e-14,ENSG00000270816,LINC00221
58.176994569474395,-2.62894914258038,0.6277005006443676,-5.553780337652965,2.7955674755806166e-8,1.80953654168184e-7,ENSG00000271563,HIRAP1
84.59357975159361,-2.932089398586558,0.6304914786046936,-6.069549189950154,1.28269800274927e-9,9.700201153282309e-9,ENSG00000272798,CTA-390C10.9
7748.139725519293,-3.9123251099661185,0.18632190309586646,-20.992530298219812,7.674939947988826e-98,1.6739501473315494e-95,ENSG00000272825,LL21NC02-1C16.2
12866.545940058599,-2.6682027019167793,0.3013520688575908,-8.849949519916363,8.755889116981945e-19,1.3666656501359402e-17,ENSG00000272884,RP11-104H15.10
91.68787349294065,-3.3772172222682495,0.6312675593618443,-6.457760375136534,1.0626382214810369e-10,8.992016234906595e-10,ENSG00000272975,MYHAS
1108.7478751559431,-2.248702697787134,0.4786861893465428,-4.684990784490881,2.7997252921727607e-6,1.4028016548367215e-5,ENSG00000273237,CTB-119C2.1
247.0774946474182,-2.157528965168607,0.6203117997996282,-3.494328786798513,4.7525533396058494e-4,0.0016724277003554273,ENSG00000273238,RP11-1263C18.1
71.06200753265507,-3.075799487627564,0.6312355168378188,-6.046714600630638,1.4782928484069409e-9,1.108265346447398e-8,ENSG00000274173,RP4-568C11.4
108.68374755971857,-4.369104296721697,0.6215495130958864,-7.280033503346375,3.33737283147006e-13,3.4981870411086877e-12,ENSG00000274178,PRAMEF28P
58975.511875735734,-2.8122316932275915,0.34214033225647106,-8.213166228548157,2.154309848115403e-16,2.891199695918202e-15,ENSG00000274588,DGKK
1401.7563078329588,-3.79429802393527,0.4003105565149292,-9.454743543501506,3.238147693995809e-21,5.898515274007632e-20,ENSG00000274993,RP11-395B7.2
7937.451549312754,-2.415435783628527,0.44247182982016414,-5.44830739990788,5.085141618642993e-8,3.1893744823536153e-7,ENSG00000275395,FCGBP
12940.709275584917,-2.225902538221228,0.21800382489634224,-10.209218447649658,1.803113201983161e-24,3.9457628035955765e-23,ENSG00000278041,RP5-984P4.6
509.282290431196,-2.0504539128254406,0.4024129205642134,-5.088122147535343,3.616264342926531e-7,2.0390010249947332e-6,ENSG00000278200,RP13-766D20.4
3588.497156359814,-2.0034811456641064,0.2655911189239471,-7.541646803587593,4.6407324954499087e-14,5.186219341878089e-13,ENSG00000278722,RP11-95F22.1
45.783411351631685,-2.047822249067893,0.6137069050447552,-4.883030789431917,1.0446755113968512e-6,5.545671065819455e-6,ENSG00000278982,RP5-1031D4.3
1354.333940010495,-3.9225832258941296,0.377741254435758,-10.35994221935063,3.771898227518262e-25,8.502648612257799e-24,ENSG00000279036,RP11-81K2.2
492.2396653965213,-2.496957414461567,0.5013849867279068,-4.962890718408846,6.945166361424184e-7,3.7778542587430857e-6,ENSG00000279205,RP11-632P5.1
2127.2821324085553,-2.3619816732337435,0.3315875921030895,-7.1183622483917715,1.0921701493166857e-12,1.0983063113769688e-11,ENSG00000279675,RP11-454H19.2
44.10492490987913,-2.0645244369504976,0.6143664164818122,-4.872307469883978,1.1030232790565406e-6,5.831910205883466e-6,ENSG00000279685,MAPT-IT1
458.8606341188587,-2.139658699452779,0.5444635840374653,-3.9141294856805864,9.073093978655449e-5,3.6084202039975675e-4,ENSG00000279877,RP11-420N3.3
399.44271920887667,-2.2527634797164544,0.5153141589260442,-4.354966042474606,1.3308754759524787e-5,6.051505305124801e-5,ENSG00000280106,CTC-523E23.3
3446.7147272200345,-2.650335447828974,0.3367619075002563,-7.863837001114122,3.72542249542392e-15,4.5324368106498474e-14,ENSG00000280165,PCDH20
10303.737409988538,-2.8667964444770346,0.24560657836669517,-11.669433374746053,1.8263559767776174e-31,5.6637672070804194e-30,ENSG00000281344,HELLPAR
1140.7066455410502,-3.147940952905373,0.4237700882629721,-7.410506103880432,1.258183302618305e-13,1.3662053705384524e-12,ENSG00000283183,RP11-1263C18.2
60.51506984342812,-2.4836842321950896,0.6252725215942823,-5.464089919057879,4.652876541889614e-8,2.932781550824738e-7,ENSG00000283662,RP11-57A19.7
